{"loss": [1.0681443214416504, 0.16344264149665833, 1.0281811952590942, 0.9763782024383545], "_runtime": 69, "_timestamp": 1634723548, "_step": 0, "_wandb": {"runtime": 70}}