{"loss": [0.42488276958465576, 1.0921789407730103, 0.4475119113922119, 1.4245127439498901], "_runtime": 95, "_timestamp": 1634723786, "_step": 267}